"Checksum","FileName"
"AB2A3DA624C6EEB3C9163AD04D0F4DC4BD302CFA658A44D6D521D714D9409555","InstalledPrograms.csv"
"3EEEB59F708446AA0C460A41088279F78F9DB5F7E17BC0E76EF9F229C2FAFB91","NetworkAdapterConfiguration.csv"
"241B1360896CDE4DA56984CEE929490DD740FDF8FF61A5EAC37F68F5DB196A58","NetworkConnections.csv"
"241B1360896CDE4DA56984CEE929490DD740FDF8FF61A5EAC37F68F5DB196A58","NetworkSockets.csv"
"C09C443B9E87CE6AA0D63E88D0ED87AF777254C0497D426410E5ED251FE68863","RegisteredServices.csv"
"5F310870E0923ED41F2C65B090AF172F3A8A6D6D483E03526A084EFDE01D29EF","RunningProcesses.csv"
"8308F1E423FD3711C543BC964B7721349C79D8249D24F30455D3044B2F8BCD17","RunningServices.csv"
"0DACD7A64660CBD2F8A1DD33A1E628D2C9CE8FE60CA13A73EF161A41EF061369","SecurityEvents.csv"
"975129CB32981099BC83AA7C2417FF10E3596C94B6310D0595AB5036967FACDD","UserAccounts.csv"
