"Checksum","FileName"
"AB2A3DA624C6EEB3C9163AD04D0F4DC4BD302CFA658A44D6D521D714D9409555","InstalledPrograms.csv"
"3EEEB59F708446AA0C460A41088279F78F9DB5F7E17BC0E76EF9F229C2FAFB91","NetworkAdapterConfiguration.csv"
"EEFD7AC683577C25FED9895803BDD8E5CFCEE32A158A47CDFA492491C0701DAC","NetworkConnections.csv"
"5FB8FD13F39B1C789DC62399A10144F03AD391B2D847F04C7EA3127F14927D20","NetworkSockets.csv"
"C86F4AC12D264DBB5ECD03B5395BA901E1746D32378912749A9A6B526A921A57","RegisteredServices.csv"
"1C2B72E28058442674E318CC58198C41C617EBFE7DF3D80D51030A4A677436B5","RunningProcesses.csv"
"179DAA87DBEAE8595ED8943081829B5009440A888C7DC3D1DD3CB3D217C484B1","RunningServices.csv"
"71FF2CD798434F4861033092BD74F8B5C5609E6F5E9214BCA5B2FB935AF01A03","SecurityEvents.csv"
"975129CB32981099BC83AA7C2417FF10E3596C94B6310D0595AB5036967FACDD","UserAccounts.csv"
